RequestId,EmployeeId
498,759
206,592
207,561
814,150
535,634
53,812
515,155
756,715
751,153
103,710
522,152
748,834
79,760
69,258
749,783
272,242
268,233
712,803
89,825
521,1133
208,2001
264,1970
263,1156
273,1881
808,1636
205,1247
18,1913
815,1276
499,1823
752,1030
506,1118
178,2131
9,1827
750,1825
203,1956
505,1537
20,1623
500,1313
514,2063
501,1687
274,1720
87,2199
585,3927
44,3939
198,3268
66,3592
68,3425
86,2177
67,2334
65,2877
511,3608
48,1927
49,3409
45,2235
47,3661
202,2653
579,3326
581,3002
502,3281
580,2712
586,3636
582,3142
817,3230
583,3631
523,2756
78,3690
1,173
260,325
534,223
275,208
50,786
29,571
465,746
27,316
28,659
30,301
528,734
136,583
51,665
179,166
296,1888
353,1765
4,2253
138,1740
357,945
743,1745
529,1003
378,845
3,1590
356,1523
352,1039
379,987
544,1794
297,1724
295,859
530,1891
298,1879
547,856
354,2130
355,1978
724,992
809,974
725,925
516,1464
543,1066
538,1696
539,2220
545,985
546,957
540,1695
723,1771
271,2184
262,988
542,901
536,1639
204,1379
5,601
2,226
6,354
726,487
709,503
685,379
270,330
137,555
537,342
744,558
261,456
497,736
531,733
56,377
541,290
139,682
313,3362
315,3652
597,2055
62,3963
318,2278
60,3065
596,2556
381,3117
382,3551
383,3458
384,3361
385,3522
386,3246
387,3386
388,3166
389,3693
390,3866
63,3144
391,2466
392,3274
393,2232
305,3837
300,3033
64,3010
61,2616
306,3258
310,2306
380,3593
311,3051
312,3459
316,2035
394,3243
317,3559
304,3509
591,3494
592,3674
303,3175
314,3305
301,2363
308,2036
309,4322
307,3329
512,3111
513,4563
587,3876
589,3081
745,3048
524,3665
519,2195
525,2207
747,3997
746,3726
590,3917
510,3400
503,3467
595,3612
818,3344
588,3823
687,3776
690,3678
594,3502
593,2287
504,3032
692,3643
813,3641
43,2089
481,406
373,676
421,1261
371,1356
127,1998
611,762
42,2033
619,732
288,1510
104,893
289,1475
40,1638
90,1669
121,1846
95,1628
105,976
374,1015
122,1930
614,744
422,1114
424,669
106,1307
118,997
82,3424
55,3140
58,3617
59,3655
83,3291
84,3945
72,3430
73,3194
74,3109
201,3207
75,2356
265,2601
526,3116
266,3152
520,3035
76,3259
80,3310
85,4533
555,234
754,227
140,151
467,363
679,266
532,206
681,315
557,187
468,464
680,269
141,784
549,585
552,458
707,806
550,894
556,1161
533,1376
553,959
554,1129
551,943
548,1157
755,1034
757,1005
758,1762
683,2057
54,1283
71,1080
77,1027
70,1065
269,1453
120,2245
96,1607
276,1544
107,1346
185,1752
299,1272
187,1552
41,2136
123,1833
995,1388
698,907
790,1342
992,1406
682,983
684,1673
186,1787
710,1302
800,3640
798,2112
302,2552
688,2640
570,3893
799,2856
10,3347
19,2366
759,2725
760,2348
81,3304
11,3108
761,2217
57,3181
17,2459
21,2638
801,2654
561,1947
569,2746
693,2419
562,3023
563,2100
52,2555
564,3000
802,1921
803,4567
567,3881
695,2404
719,2602
686,2292
572,2542
571,3456
573,2623
574,2516
575,2336
576,2683
721,2478
559,2301
560,2382
565,2291
568,3498
697,2574
804,2828
566,2700
718,2557
267,2331
558,3897
88,2750
713,3564
715,2309
134,214
142,156
135,747
527,847
577,1254
578,1826
994,1492
125,1885
188,1951
124,2170
126,1980
990,1646
189,2037
190,1472
191,1909
584,2454
46,3016
508,3189
507,2867
816,2900
517,3787
509,2888
753,2881
518,3472
717,2341
811,3986
805,3594
806,2670
197,3382
807,2644
199,3401
810,3367
200,2106
812,3237
109,244
781,438
108,451
989,1165
993,941
731,1515
991,1844
708,871
785,2029
788,2008
786,2630
784,2860
952,3300
320,2376
279,1990
999,3447
951,2701
281,2361
949,2280
955,2380
290,2412
950,450
433,2525
944,3620
943,2483
347,408
348,3009
696,2740
988,2277
722,2224
689,3649
789,2772
787,2425
711,2604
996,2872
486,2038
358,3816
216,2696
350,3685
351,3625
359,3922
399,3245
453,3947
452,3886
443,2707
492,3314
676,2685
215,2528
349,3212
637,3907
146,123
180,493
143,176
428,2615
26,993
407,1460
446,1045
473,520
464,545
177,491
406,1866
973,1219
360,1335
183,431
210,249
101,543
961,3883
322,2047
431,3097
829,522
32,787
409,2256
291,475
644,383
942,3570
463,432
434,667
405,748
344,2716
345,2884
472,707
470,680
970,1324
899,1753
979,1424
968,1311
375,1385
475,490
971,1390
408,1782
972,1420
974,1863
969,1727
476,546
976,936
22,1296
16,1859
978,1423
975,1265
471,635
977,1563
859,1183
862,1554
900,2139
331,876
830,575
332,860
333,823
334,1155
367,3896
646,3695
444,2582
860,3817
168,2731
855,2386
23,3503
169,2915
365,3278
647,3360
445,2694
174,2656
368,3915
24,2818
854,2868
363,2920
369,2347
361,3324
645,2903
856,2509
857,2446
652,3407
25,2408
653,2984
366,3474
170,3103
172,3541
655,2422
656,3434
654,2957
650,3020
861,2763
648,3800
651,3982
176,2807
858,4689
175,2651
171,3231
173,2489
649,4003
31,625
880,576
777,391
414,730
875,303
763,742
417,768
413,469
770,178
287,529
286,695
780,831
285,670
774,750
34,678
330,673
423,400
769,1084
617,804
765,772
776,521
866,335
613,579
865,656
610,1185
612,1520
622,1613
217,1534
130,1074
779,567
792,641
618,355
620,675
370,486
621,574
372,790
864,607
623,797
615,671
150,621
913,1689
326,1769
416,1801
425,1369
426,984
883,868
889,1029
923,1132
912,1253
916,956
910,1257
924,1617
921,1514
920,1861
918,1761
427,1498
420,1616
886,916
919,1875
36,970
914,1756
415,1800
917,1574
325,1249
35,1547
1000,1301
911,1606
915,1449
892,863
926,1901
418,1158
419,1218
885,1477
891,1588
833,1457
293,1873
882,1186
37,1683
909,1653
888,1445
432,2650
429,3711
430,2865
346,653
998,1723
282,619
283,685
960,532
278,418
962,3689
284,2690
966,3614
957,2201
954,3940
958,2736
953,3378
956,3451
959,3088
294,3454
319,2614
494,298
873,608
483,318
209,313
600,749
495,563
482,652
484,518
466,649
496,785
145,168
602,195
603,553
762,753
663,172
601,279
144,645
151,801
902,465
448,224
211,995
628,1793
13,1380
214,2090
15,1274
662,1119
793,1564
824,1160
153,1175
840,1651
241,1500
251,1902
131,1820
658,1971
149,1289
825,1012
246,1648
112,2091
147,1135
243,1786
766,1297
14,1599
772,1300
212,1198
660,1714
828,1371
797,1123
795,1069
12,996
822,915
820,979
213,1963
629,1991
791,1485
447,1819
449,1131
826,1138
664,1693
665,2218
460,2101
462,1091
224,2167
128,1125
193,1434
163,1657
222,1692
223,2156
114,1399
117,1117
192,2070
242,1567
250,1839
775,1229
247,1244
901,1627
630,1730
767,2266
666,1250
661,1813
778,1325
827,978
221,1087
626,1867
625,1926
659,1525
231,1812
245,1047
967,1191
259,2212
232,1347
454,1278
450,1784
455,1061
898,1331
182,1228
627,1421
657,2023
735,897
739,1446
624,1336
700,3804
634,3302
740,2549
633,3346
632,3187
842,3747
440,3618
669,3875
396,3215
400,3732
398,3383
403,3580
397,3266
401,3746
377,3106
395,2835
402,3868
741,2176
738,3942
442,3206
672,2728
489,3920
836,2004
837,2645
404,3599
491,3118
248,2326
845,3336
436,2109
636,3852
435,2964
631,2529
437,3682
493,3422
638,3004
639,2894
485,3536
459,2022
441,3703
838,3808
439,3455
488,3566
159,2145
162,2393
438,2708
844,2801
376,2741
668,2016
490,3201
641,3864
487,3749
458,2806
643,2554
894,3358
896,3999
897,3764
895,3849
461,2902
160,3121
667,2448
640,3146
675,3342
674,2118
671,4578
868,2335
257,3377
256,3737
670,3699
869,2573
839,3657
249,3865
841,3263
870,2495
673,2142
158,3821
843,3805
867,2727
705,3337
451,2823
161,2617
164,2778
457,2942
456,2878
737,3916
699,3828
254,3667
258,3771
244,3924
871,3964
706,3228
635,2890
703,2491
469,2767
474,2646
701,2587
702,2128
704,2853
642,2925
736,3392
742,3809
184,241
155,274
110,515
609,1551
240,986
616,1792
893,1459
181,1078
157,881
156,1850
111,1231
607,1803
604,1702
605,1403
608,1436
167,2262
129,2317
237,2204
238,3567
236,2944
113,3250
165,2897
166,3287
478,2050
480,2730
412,3646
479,3745
116,3105
477,2550
410,3585
411,4632
906,3974
907,3781
872,3222
228,2364
133,3597
904,3293
905,2784
132,3558
903,3733
908,3813
194,3820
846,2200
195,3680
115,2420
196,3163
218,2724
253,3727
255,2813
252,3391
874,286
100,251
239,511
148,687
878,349
863,1707
930,2127
936,2264
935,2126
937,1851
929,1895
887,944
890,1214
884,1330
927,1176
928,1136
940,1294
941,1360
881,1754
938,1849
324,2569
336,2899
33,2639
323,2847
292,3192
945,3978
280,2082
947,2761
963,2666
948,2991
964,2672
965,3785
321,3790
946,3969
335,3759
939,2830
987,3092
364,2449
981,3349
986,2183
982,2017
983,2019
932,2809
362,2155
985,2969
931,3211
933,3901
934,2831
980,2228
984,2929
773,676
823,1356
730,1669
997,1628
219,1015
119,1607
341,3447
342,787
925,730
879,469
764,486
922,1801
329,1253
343,1257
327,916
337,1875
338,1756
339,1574
328,1606
340,1901
225,3745
226,2550
220,3585
235,4632
227,3974
229,3781
230,3222
233,3293
234,3733
